{
    "id":1014117,
    "loan_amnt":15000.0,
    "term":" 60 months",
    "emp_title":"J.P. Morgan Chase",
    "emp_length":"< 1 year",
    "home_ownership":"OWN",
    "annual_inc":45000.0,
    "loan_status":"Fully Paid",
    "desc":"  Borrower added on 11\/05\/11 > Need the loan for debt consolidation. I have a stable, full time  job and plan to have the money paid off within the next two years. Most of the debt is due to education loans, as I am graduating soon from Pepperdine University.<br\/>",
    "purpose":"debt_consolidation",
    "title":"Personal Loan",
    "addr_state":"CA",
    "nr_payment_remarks":0.0,
    "nr_loans":14.0
}