{
    "id":1023699,
    "loan_amnt":15000.0,
    "term":" 60 months",
    "emp_title":"santa clara county",
    "emp_length":"5 years",
    "home_ownership":"RENT",
    "annual_inc":75000.0,
    "loan_status":"Fully Paid",
    "desc":"  Borrower added on 11\/15\/11 > I have five credit cards with interest rates 27 to 31 percent. The banks have increased these rates over the years. My goal is to pay these off, consolidate to one pymt and reduce the interest cost. I have a solid secure job, no problems paying my bills.... just tired of feeding the big institutions.<br>",
    "purpose":"debt_consolidation",
    "title":"Debt Consolidation Loan",
    "addr_state":"CA",
    "nr_payment_remarks":0.0,
    "nr_loans":12.0
}