{
    "id":1037825,
    "loan_amnt":3600.0,
    "term":" 36 months",
    "emp_title":"California state parks",
    "emp_length":"10+ years",
    "home_ownership":"MORTGAGE",
    "annual_inc":46800.0,
    "loan_status":"Fully Paid",
    "desc":"  Borrower added on 01\/08\/12 > This loan is to buy my dads hot rod from my brother. It is a family heirloom and I am going to buy it because my family does not want it to leave the family. I built this car with my late father. it is a 1923 ford t-bucket hot rod roadster. Thank you LendingClub.<br><br>  Borrower added on 01\/09\/12 > Thank you to the people who have already started funding my loan. It means alot to me to keep my dads hot rod in the family.<br>",
    "purpose":"vacation",
    "title":"Vacation Loan",
    "addr_state":"CA",
    "nr_payment_remarks":0.0,
    "nr_loans":12.0
}