{
    "id":1042228,
    "loan_amnt":10200.0,
    "term":" 36 months",
    "emp_title":null,
    "emp_length":"4 years",
    "home_ownership":"MORTGAGE",
    "annual_inc":70000.0,
    "loan_status":"Fully Paid",
    "desc":"  Borrower added on 11\/30\/11 > I am planning to pay off cc's with higher interest rates.  My monthly budget to pay down the loan is $500\/mo. <br>",
    "purpose":"debt_consolidation",
    "title":"Debt Consolidation",
    "addr_state":"CO",
    "nr_payment_remarks":0.0,
    "nr_loans":31.0
}