{
    "id":10544869,
    "loan_amnt":13475.0,
    "term":" 36 months",
    "emp_title":"Store manager",
    "emp_length":"6 years",
    "home_ownership":"RENT",
    "annual_inc":65000.0,
    "loan_status":"Fully Paid",
    "desc":"  Borrower added on 01\/10\/14 > I don't want to be in debt anymore. I want to see that my payments are making a difference so by consolidating them I will see a significant change in my debt and get my finance in order.<br>",
    "purpose":"debt_consolidation",
    "title":"Debt consolidation",
    "addr_state":"CA",
    "nr_payment_remarks":0.0,
    "nr_loans":45.0
}