{
    "id":1081191,
    "loan_amnt":15000.0,
    "term":" 36 months",
    "emp_title":"College of Staten Island ",
    "emp_length":"6 years",
    "home_ownership":"RENT",
    "annual_inc":42000.0,
    "loan_status":"Fully Paid",
    "desc":"  Borrower added on 12\/28\/11 > This loan will help me consolidate my debt and allow me the opportunity move forward. Thank you for your consideration.<br>",
    "purpose":"debt_consolidation",
    "title":"2012 start",
    "addr_state":"NY",
    "nr_payment_remarks":0.0,
    "nr_loans":14.0
}