{
    "id":1118065,
    "loan_amnt":35000.0,
    "term":" 36 months",
    "emp_title":"Zynga Inc.",
    "emp_length":"3 years",
    "home_ownership":"RENT",
    "annual_inc":190000.0,
    "loan_status":"Fully Paid",
    "desc":"  Borrower added on 01\/26\/12 > At company where I work, Zynga Inc., I have stock units (Zynga) I owe tax on after the company went IPO in December.  I can't exercise the options and units I have until well after the taxes are due.  This money is to pay those taxes on time.<br><br>  Borrower added on 01\/27\/12 > And also later to not be forced to sell stock units to pay the taxes.<br>",
    "purpose":"debt_consolidation",
    "title":"Other",
    "addr_state":"CA",
    "nr_payment_remarks":0.0,
    "nr_loans":12.0
}