{
    "id":1124625,
    "loan_amnt":14000.0,
    "term":" 36 months",
    "emp_title":"Long Beach Unified School District",
    "emp_length":"10+ years",
    "home_ownership":"MORTGAGE",
    "annual_inc":122700.0,
    "loan_status":"Fully Paid",
    "desc":"  Borrower added on 01\/26\/12 > Hello, This loan is to have additional cash on hand when I buy rental properties. I already own 5 rental properties with excellent returns. For example, the mortgage is 500, and I collect 1,000. I am also a Lending club investor and have already paid off a Lending Club loan in the past.<br>",
    "purpose":"small_business",
    "title":"Investment Property Loan",
    "addr_state":"CA",
    "nr_payment_remarks":0.0,
    "nr_loans":56.0
}