{
    "id":1132315,
    "loan_amnt":8875.0,
    "term":" 36 months",
    "emp_title":"Randalls",
    "emp_length":"10+ years",
    "home_ownership":"RENT",
    "annual_inc":25920.0,
    "loan_status":"Fully Paid",
    "desc":"  Borrower added on 07\/01\/12 > I have been working on paying off my debts, and then my car broke down again.  What I am looking to do is consolidate, and reduce the interest so I can get ALL paid off faster then 3 to 4 years.<br>",
    "purpose":"debt_consolidation",
    "title":"Debt Consolidation",
    "addr_state":"TX",
    "nr_payment_remarks":0.0,
    "nr_loans":37.0
}