{
    "id":1142438,
    "loan_amnt":26500.0,
    "term":" 36 months",
    "emp_title":"Joe Hunt & Associates",
    "emp_length":"2 years",
    "home_ownership":"RENT",
    "annual_inc":55000.0,
    "loan_status":"Fully Paid",
    "desc":"  Borrower added on 02\/29\/12 > My goal is to consolidate debt and then cancel credit cards\/reduce limits on retained cards.<br>",
    "purpose":"debt_consolidation",
    "title":"Debt Consolidation",
    "addr_state":"NY",
    "nr_payment_remarks":0.0,
    "nr_loans":31.0
}