{
    "id":1162419,
    "loan_amnt":13575.0,
    "term":" 36 months",
    "emp_title":"Penske Logistics",
    "emp_length":"6 years",
    "home_ownership":"MORTGAGE",
    "annual_inc":72000.0,
    "loan_status":"Fully Paid",
    "desc":"  Borrower added on 02\/25\/12 > Hello investors, I am here today in attemp to consolidate some of my debt which is three citibank credit cards to knock out the higher rates and go down to a single payment which the rate is lower. Thank You for time.<br>",
    "purpose":"debt_consolidation",
    "title":"Small Loan",
    "addr_state":"CA",
    "nr_payment_remarks":0.0,
    "nr_loans":24.0
}