{
    "id":1167934,
    "loan_amnt":5400.0,
    "term":" 36 months",
    "emp_title":"Information Builders ",
    "emp_length":"10+ years",
    "home_ownership":"MORTGAGE",
    "annual_inc":92000.0,
    "loan_status":"Fully Paid",
    "desc":"  Borrower added on 02\/29\/12 > I am asking for this loan to fund a much deserved vacation for my family. I have been at my job for over 11 years andI have a previous loan through this site that has always been on time.<br>",
    "purpose":"vacation",
    "title":"Family vacation loan",
    "addr_state":"NY",
    "nr_payment_remarks":0.0,
    "nr_loans":19.0
}