{
    "id":11727607,
    "loan_amnt":35000.0,
    "term":" 36 months",
    "emp_title":"outside sales",
    "emp_length":"10+ years",
    "home_ownership":"MORTGAGE",
    "annual_inc":175000.0,
    "loan_status":"Fully Paid",
    "desc":"  Borrower added on 02\/11\/14 > Pay off high interest credit cards, make enough money, just go in credit card debt a while back and cannot get on top of it because of high interest<br>",
    "purpose":"debt_consolidation",
    "title":"Debt consolidation",
    "addr_state":"GA",
    "nr_payment_remarks":0.0,
    "nr_loans":35.0
}