{
    "id":1250944,
    "loan_amnt":29000.0,
    "term":" 36 months",
    "emp_title":"Hebrew Home for the Aged ",
    "emp_length":"< 1 year",
    "home_ownership":"MORTGAGE",
    "annual_inc":110000.0,
    "loan_status":"Fully Paid",
    "desc":"  Borrower added on 04\/17\/12 > This is a consolidation loan due to being laid off last year for a few months &amp; having to cover normal everyday bills (ie:Mortgage,utilities,food) &amp; for medical bills that I incurred due to having no insurance.<br><br>  Borrower added on 04\/26\/12 > I am currently employed and have been (within the same company) for the past eight months.  I was unemployed for only 2 months and I plan on staying with this company for the long term.  This loan would really help in becoming debt free once again.<br>",
    "purpose":"debt_consolidation",
    "title":"Consolidation Loan",
    "addr_state":"NY",
    "nr_payment_remarks":0.0,
    "nr_loans":39.0
}