{
    "id":1261956,
    "loan_amnt":9100.0,
    "term":" 36 months",
    "emp_title":null,
    "emp_length":"10+ years",
    "home_ownership":"MORTGAGE",
    "annual_inc":178000.0,
    "loan_status":"Fully Paid",
    "desc":"  Borrower added on 04\/24\/12 > Funds will be used to expand my Business that I have owned\/operated for last several years.  I have always borrowed and paid back on time.  Thanks!<br>",
    "purpose":"small_business",
    "title":"\tsmall_business",
    "addr_state":"FL",
    "nr_payment_remarks":0.0,
    "nr_loans":44.0
}