{
    "id":1277791,
    "loan_amnt":2625.0,
    "term":" 36 months",
    "emp_title":null,
    "emp_length":"1 year",
    "home_ownership":"RENT",
    "annual_inc":30000.0,
    "loan_status":"Fully Paid",
    "desc":"  Borrower added on 07\/18\/12 > Hi there! I'm applying for a loan to cover a surgery my insurance won't pay for. It's not life or death, but quality of life will greatly improve afterwards. I'm extremely responsible in paying my bills on time, so rest assured :) I thank you all in advance. Have a great day!<br>",
    "purpose":"medical",
    "title":"LRL",
    "addr_state":"CA",
    "nr_payment_remarks":0.0,
    "nr_loans":8.0
}