{
    "id":1283653,
    "loan_amnt":13000.0,
    "term":" 60 months",
    "emp_title":"St. Luke's Hospital",
    "emp_length":"3 years",
    "home_ownership":"RENT",
    "annual_inc":53000.0,
    "loan_status":"Fully Paid",
    "desc":"  Borrower added on 06\/02\/12 > I plan on using this loan to pay off a few final bills and put away to use on a down payment for a home in the near future.  I have great credit and have always paid my bills on time and have never defaulted.  I have been at my job close to three years and have become an integral member there.<br>",
    "purpose":"debt_consolidation",
    "title":"Debt Consolidation",
    "addr_state":"NY",
    "nr_payment_remarks":0.0,
    "nr_loans":14.0
}