{
    "id":1290581,
    "loan_amnt":18000.0,
    "term":" 36 months",
    "emp_title":"Anadarko Petroleum",
    "emp_length":"2 years",
    "home_ownership":"MORTGAGE",
    "annual_inc":76000.0,
    "loan_status":"Fully Paid",
    "desc":"  Borrower added on 05\/11\/12 > Funds are to invest in rental property. I'm a serious person who takes its obligations seriously.<br>",
    "purpose":"house",
    "title":"Down payment loan",
    "addr_state":"TX",
    "nr_payment_remarks":0.0,
    "nr_loans":52.0
}