{
    "id":1300219,
    "loan_amnt":5800.0,
    "term":" 36 months",
    "emp_title":"G4S Compliance & Investigations",
    "emp_length":"10+ years",
    "home_ownership":"RENT",
    "annual_inc":88700.0,
    "loan_status":"Fully Paid",
    "desc":"  Borrower added on 05\/15\/12 > The terms look very good and I most likely will pay this off before the end of the loan.  If this works out, I'll be back.<br>",
    "purpose":"debt_consolidation",
    "title":"Citibusiness",
    "addr_state":"CA",
    "nr_payment_remarks":0.0,
    "nr_loans":27.0
}