{
    "id":1320563,
    "loan_amnt":7000.0,
    "term":" 36 months",
    "emp_title":"IBM",
    "emp_length":"< 1 year",
    "home_ownership":"RENT",
    "annual_inc":106000.0,
    "loan_status":"Fully Paid",
    "desc":"  Borrower added on 05\/26\/12 > This is my second Lending Club loan, and like the first, I will pay off early. This rate will allow me to pay off 3 more credit cards, and close, and not make the same mistakes. Thank you so much Lending Club.<br><br> Borrower added on 05\/26\/12 > This is my second loan with Lending Club, and like the first, I intend on paying off early.  This time I needed alot less, and will be paying off 3 more high interest credit cards.  Thanks so much for Lending club and giving me the chance to once and for all get out of debt! Thank you!<br>",
    "purpose":"debt_consolidation",
    "title":"Debt consiliation Loan for 3 more ccds",
    "addr_state":"MD",
    "nr_payment_remarks":0.0,
    "nr_loans":48.0
}