{
    "id":1331922,
    "loan_amnt":5400.0,
    "term":" 36 months",
    "emp_title":"Lee Memorial Health System",
    "emp_length":"5 years",
    "home_ownership":"RENT",
    "annual_inc":60000.0,
    "loan_status":"Fully Paid",
    "desc":"  Borrower added on 06\/03\/12 > Loan will be to pay off high interest credit cards. I think lending  club will be a great way to be finally back on track financially. Thanks!<br>",
    "purpose":"debt_consolidation",
    "title":"Debt consolidation",
    "addr_state":"FL",
    "nr_payment_remarks":0.0,
    "nr_loans":25.0
}