{
    "id":1347314,
    "loan_amnt":15075.0,
    "term":" 36 months",
    "emp_title":"Andera",
    "emp_length":"< 1 year",
    "home_ownership":"MORTGAGE",
    "annual_inc":128000.0,
    "loan_status":"Fully Paid",
    "desc":"  Borrower added on 06\/10\/12 > This loan is aimed to consolidate several term loans into one account with lower total payment.  This action will allow me to manage the budget better.  Thank you for your help!<br><br> Borrower added on 06\/10\/12 > The large revolving balance is for our Home Equity Line of Credit.  We have been making fixed amount of payments per months.<br>",
    "purpose":"debt_consolidation",
    "title":"Debt Consolidation No. 2",
    "addr_state":"RI",
    "nr_payment_remarks":0.0,
    "nr_loans":21.0
}