{
    "id":1401071,
    "loan_amnt":9600.0,
    "term":" 36 months",
    "emp_title":"NJ TRANSIT",
    "emp_length":"10+ years",
    "home_ownership":"MORTGAGE",
    "annual_inc":100000.0,
    "loan_status":"Fully Paid",
    "desc":"  Borrower added on 07\/02\/12 > Debt consolidation: interest rate\/monthly payment reduction on current loan and pay off high interest card balance.<br><br>  Borrower added on 07\/04\/12 > This loan will allow me to pay off a higher interest loan that I have religiously paid on time and the highest interest rate card balance. The $250 monthly savings will go toward paying down other debt.  Working toward not carrying any card balances by the time this loan is paid off.<br><br>  Borrower added on 07\/07\/12 > This is a sound investment opportunity.  Automatic transfers will be made to the account for payments that will maintain if not exceed minimum payment requirements.<br>",
    "purpose":"debt_consolidation",
    "title":"Debt Retirement",
    "addr_state":"NJ",
    "nr_payment_remarks":0.0,
    "nr_loans":24.0
}