{
    "id":1435543,
    "loan_amnt":10400.0,
    "term":" 36 months",
    "emp_title":"Fields BMW",
    "emp_length":"< 1 year",
    "home_ownership":"RENT",
    "annual_inc":75000.0,
    "loan_status":"Fully Paid",
    "desc":"  Borrower added on 07\/21\/12 > Looking to consolidate all my credit cards. Awesome job and stability with high income potential, looking to pay this loan off in half the estimated time and be completely debt free to save to buy a house and do my part to kick start this economy on my end the best I can! Thanks for your help!<br>",
    "purpose":"credit_card",
    "title":"Credit Card Refi",
    "addr_state":"FL",
    "nr_payment_remarks":0.0,
    "nr_loans":37.0
}