{
    "id":1440282,
    "loan_amnt":2000.0,
    "term":" 36 months",
    "emp_title":"Schultz Brothers Van and Storage",
    "emp_length":"10+ years",
    "home_ownership":"RENT",
    "annual_inc":50000.0,
    "loan_status":"Fully Paid",
    "desc":"  Borrower added on 07\/23\/12 > This loan is to clean up the credit I have currently.  I am aiming to improve my credit score by reducing the amount of credit I owe as quickly as possible so I can purchase my first home in the next few years.<br>",
    "purpose":"credit_card",
    "title":"For My Future",
    "addr_state":"CA",
    "nr_payment_remarks":0.0,
    "nr_loans":18.0
}