{
    "id":1469705,
    "loan_amnt":33600.0,
    "term":" 36 months",
    "emp_title":"JDR Computeres",
    "emp_length":"5 years",
    "home_ownership":"MORTGAGE",
    "annual_inc":110000.0,
    "loan_status":"Fully Paid",
    "desc":"  Borrower added on 08\/12\/12 > I have 1 cc with an outstanding balance of 30k. I'm paying 3-4k a month in an effort to pay it off. My interest rate is 15%.<br>",
    "purpose":"credit_card",
    "title":"Amex Refinance",
    "addr_state":"CA",
    "nr_payment_remarks":0.0,
    "nr_loans":13.0
}