{
    "id":1470536,
    "loan_amnt":6000.0,
    "term":" 36 months",
    "emp_title":"Signature Flooring, Inc",
    "emp_length":"5 years",
    "home_ownership":"RENT",
    "annual_inc":45000.0,
    "loan_status":"Fully Paid",
    "desc":"  Borrower added on 08\/13\/12 > I have a Care Credit account that will be coming due by the end of the month. No interest until then, but something like 24.99% after. Lower rate would be better.<br>",
    "purpose":"credit_card",
    "title":"Credit card refinancing",
    "addr_state":"CA",
    "nr_payment_remarks":0.0,
    "nr_loans":12.0
}