{
    "id":1476181,
    "loan_amnt":6000.0,
    "term":" 36 months",
    "emp_title":"Vivint",
    "emp_length":"4 years",
    "home_ownership":"MORTGAGE",
    "annual_inc":25000.0,
    "loan_status":"Fully Paid",
    "desc":"  Borrower added on 08\/13\/12 > I will have money to pay off my debt with time since i've invested money in personal business so this will keep the credit hounds off my back til i start selling<br>",
    "purpose":"debt_consolidation",
    "title":"Credit card consolidation",
    "addr_state":"UT",
    "nr_payment_remarks":0.0,
    "nr_loans":20.0
}