{
    "id":1494300,
    "loan_amnt":13000.0,
    "term":" 36 months",
    "emp_title":"Best Western Naples Inn and Suites",
    "emp_length":"10+ years",
    "home_ownership":"RENT",
    "annual_inc":39800.0,
    "loan_status":"Fully Paid",
    "desc":"  Borrower added on 08\/26\/12 > I appreciate the opportunity to rid myself of credit card debt through this program.  Having a fixed rate loan with an affordable monthly payment will enable me to finally accomplish what I have not been able to despite regular, on-time, payments.  Thank you.<br>",
    "purpose":"debt_consolidation",
    "title":"Debt Consolidation",
    "addr_state":"FL",
    "nr_payment_remarks":0.0,
    "nr_loans":22.0
}