{
    "id":1510647,
    "loan_amnt":16000.0,
    "term":" 36 months",
    "emp_title":"Final Mile Logistics",
    "emp_length":"2 years",
    "home_ownership":"RENT",
    "annual_inc":200000.0,
    "loan_status":"Fully Paid",
    "desc":"  Borrower added on 09\/04\/12 > I am using this loan to consolidate some of my debits down into one payment to pay them off quicker.  I am a good candidate with a stable job and a high income.  I am working to become debit free as quickly as possible.<br>",
    "purpose":"debt_consolidation",
    "title":"Consolidating Debit",
    "addr_state":"GA",
    "nr_payment_remarks":0.0,
    "nr_loans":32.0
}