{
    "id":1515681,
    "loan_amnt":12000.0,
    "term":" 36 months",
    "emp_title":"REUNING & SON VIOLINS INC",
    "emp_length":"8 years",
    "home_ownership":"MORTGAGE",
    "annual_inc":75000.0,
    "loan_status":"Fully Paid",
    "desc":"  Borrower added on 09\/05\/12 > Two Family property on the edge of Tufts University has excellent rental demand. Laundry Facilities. Systems.<br>",
    "purpose":"home_improvement",
    "title":"Home improvement",
    "addr_state":"MA",
    "nr_payment_remarks":0.0,
    "nr_loans":19.0
}