{
    "id":1537467,
    "loan_amnt":15000.0,
    "term":" 36 months",
    "emp_title":"Centric Group",
    "emp_length":"< 1 year",
    "home_ownership":"RENT",
    "annual_inc":90000.0,
    "loan_status":"Fully Paid",
    "desc":"  Borrower added on 09\/14\/12 > I have some high interest accounts that I'd like to consolidate. I've got a steady, good paying job and am looking to wipe out some old debt faster.<br>",
    "purpose":"debt_consolidation",
    "title":"High Interest Debt Consolidation",
    "addr_state":"MO",
    "nr_payment_remarks":0.0,
    "nr_loans":18.0
}