{
    "id":1539882,
    "loan_amnt":20000.0,
    "term":" 36 months",
    "emp_title":"United Parcel Service",
    "emp_length":"10+ years",
    "home_ownership":"MORTGAGE",
    "annual_inc":84000.0,
    "loan_status":"Fully Paid",
    "desc":"  Borrower added on 09\/13\/12 > I have managed to get myself into credit card debt again. I few years back,I had eliminated my credit card debt but then starting receiving the pre-approve letters in the mail.I'm more focus now and I want to buy a condo at the beach in a few years.But i must 1st get rid of my debt.<br>",
    "purpose":"debt_consolidation",
    "title":"no more c.c. debt",
    "addr_state":"SC",
    "nr_payment_remarks":0.0,
    "nr_loans":25.0
}