{
    "id":1548779,
    "loan_amnt":16000.0,
    "term":" 36 months",
    "emp_title":"Ogilvy & Mather",
    "emp_length":"1 year",
    "home_ownership":"RENT",
    "annual_inc":75000.0,
    "loan_status":"Fully Paid",
    "desc":"  Borrower added on 09\/19\/12 > I am trying to consolidate all of my credit into 1 lower interest amount. I've got a long history of on-time payments and and plan to keep it that way. I'd like to get my credit score higher and start saving more money each month for a home.<br>",
    "purpose":"debt_consolidation",
    "title":"Fresh Start",
    "addr_state":"MN",
    "nr_payment_remarks":0.0,
    "nr_loans":29.0
}