{
    "id":1553136,
    "loan_amnt":20000.0,
    "term":" 36 months",
    "emp_title":null,
    "emp_length":"10+ years",
    "home_ownership":"MORTGAGE",
    "annual_inc":80000.0,
    "loan_status":"Fully Paid",
    "desc":"  Borrower added on 09\/20\/12 > I own a promotions company and paid a saleperson a salary instead of commissions which caused me to go upside down.  I have let him go and recaptured his accounts II now need to pay vendors.  I'm confident I can turn this quickly.<br>",
    "purpose":"small_business",
    "title":"Business",
    "addr_state":"CA",
    "nr_payment_remarks":0.0,
    "nr_loans":29.0
}