{
    "id":1554026,
    "loan_amnt":4000.0,
    "term":" 36 months",
    "emp_title":"Dept of Justice",
    "emp_length":"10+ years",
    "home_ownership":"MORTGAGE",
    "annual_inc":76801.0,
    "loan_status":"Fully Paid",
    "desc":"  Borrower added on 09\/20\/12 > Due to the current market etc... I wish to get ahead and pay off other obligations of my fnances.<br><br> Borrower added on 09\/20\/12 > Due to the the ecomony crisis, it has placed a burden on my family and I of which I wish for us to get  ahead and payoff some fiancial burndens to alleviate less stress for us.  I can assure you, if apporved the payments will be paid in full from my account as agreed.  Thank you!<br><br>  Borrower added on 09\/21\/12 > To date, I want to thank everyone of whom is assisting me and the future ones with my concern.  It's been hard, especially now a days, but every little bit helps and again thank you all!  The funds if approved will surely help me get ahead of my families fianaces and stress  Thank you!.<br>",
    "purpose":"other",
    "title":"Debt",
    "addr_state":"AL",
    "nr_payment_remarks":0.0,
    "nr_loans":24.0
}