{
    "id":1562931,
    "loan_amnt":11000.0,
    "term":" 36 months",
    "emp_title":"Big Fish Games",
    "emp_length":"< 1 year",
    "home_ownership":"RENT",
    "annual_inc":32240.0,
    "loan_status":"Fully Paid",
    "desc":"  Borrower added on 09\/24\/12 > While in college I was forced to rack up quite a bit of debt and unfortunately directly after college I ended up working at a company which not only failed, but defrauded me of $5,000~ in pay. I'm now working to pay off that debt and previous unemployment debt.<br>",
    "purpose":"debt_consolidation",
    "title":"Consolidation Loan",
    "addr_state":"WA",
    "nr_payment_remarks":0.0,
    "nr_loans":8.0
}