{
    "id":1584277,
    "loan_amnt":12675.0,
    "term":" 36 months",
    "emp_title":"Bank Of America",
    "emp_length":"9 years",
    "home_ownership":"OWN",
    "annual_inc":41000.0,
    "loan_status":"Fully Paid",
    "desc":"  Borrower added on 10\/03\/12 > My Loan is to pay off 5 credit cards that never seem to go down..By doing this, even at this higher interest rate I will be able to have them gone in 3 years.<br><br>  Borrower added on 10\/04\/12 > I am using this loan to pay off 5 credit cards that never seem to go down because of minimum payments. By doing this, even at a higher interest rate I will have those 5 cards literally paid off in 3 years.<br>",
    "purpose":"debt_consolidation",
    "title":"credit card consolidation",
    "addr_state":"FL",
    "nr_payment_remarks":0.0,
    "nr_loans":36.0
}