{
    "id":1622459,
    "loan_amnt":15000.0,
    "term":" 36 months",
    "emp_title":"The Pictsweet Co.",
    "emp_length":"7 years",
    "home_ownership":"MORTGAGE",
    "annual_inc":55000.0,
    "loan_status":"Fully Paid",
    "desc":"  Borrower added on 10\/17\/12 > to consolidate my deths, I'm a responsable person.<br>$4000 is my monthly budget I have been working 7 yrs with the same company.<br>",
    "purpose":"debt_consolidation",
    "title":"consolidate deth",
    "addr_state":"TX",
    "nr_payment_remarks":0.0,
    "nr_loans":25.0
}