{
    "id":1675322,
    "loan_amnt":25000.0,
    "term":" 60 months",
    "emp_title":"Wiley",
    "emp_length":"2 years",
    "home_ownership":"MORTGAGE",
    "annual_inc":170000.0,
    "loan_status":"Fully Paid",
    "desc":"  Borrower added on 10\/23\/12 > I am getting into a small business along with my cousins (Independent Pharmacy) I am planning to get 20 % stake in that business. I need some additional cash to get into that<br>",
    "purpose":"small_business",
    "title":"Business",
    "addr_state":"NJ",
    "nr_payment_remarks":0.0,
    "nr_loans":30.0
}