{
    "id":1675269,
    "loan_amnt":20000.0,
    "term":" 36 months",
    "emp_title":"nyc police department",
    "emp_length":"10+ years",
    "home_ownership":"RENT",
    "annual_inc":130000.0,
    "loan_status":"Fully Paid",
    "desc":"  Borrower added on 10\/24\/12 > i will be using the loan to pay down debt,,and be able to enjoy savings and thus enjoy life<br>",
    "purpose":"debt_consolidation",
    "title":"freedom",
    "addr_state":"NY",
    "nr_payment_remarks":0.0,
    "nr_loans":43.0
}