{
    "id":1686470,
    "loan_amnt":16000.0,
    "term":" 36 months",
    "emp_title":"Gate Hill Day Camp",
    "emp_length":"3 years",
    "home_ownership":"RENT",
    "annual_inc":40000.0,
    "loan_status":"Fully Paid",
    "desc":"  Borrower added on 10\/23\/12 > I have credit bills that really need to be put together so I can get rid of debt and be debt free.<br>",
    "purpose":"credit_card",
    "title":"Credit Cards",
    "addr_state":"NY",
    "nr_payment_remarks":0.0,
    "nr_loans":30.0
}