{
    "id":1825619,
    "loan_amnt":30000.0,
    "term":" 36 months",
    "emp_title":"Hub International New England LLC",
    "emp_length":"10+ years",
    "home_ownership":"MORTGAGE",
    "annual_inc":137000.0,
    "loan_status":"Fully Paid",
    "desc":"  Borrower added on 11\/10\/12 > Lines of credit consolidation<br><br> Borrower added on 11\/10\/12 > Pay off credit cards and a loan. We pay all bills in a timely manner and have a good credit rating. I have worked in same industry for 41 yrs. Budget 7800 monthly. job status is very stable.<br>",
    "purpose":"debt_consolidation",
    "title":"Lines of credit consolidation",
    "addr_state":"MA",
    "nr_payment_remarks":0.0,
    "nr_loans":21.0
}