{
    "id":1866080,
    "loan_amnt":2550.0,
    "term":" 36 months",
    "emp_title":"Banfield, the Pet Hospital",
    "emp_length":"2 years",
    "home_ownership":"RENT",
    "annual_inc":28000.0,
    "loan_status":"Fully Paid",
    "desc":"  Borrower added on 11\/07\/12 > Using this loan, I will be able to pay off and close three credit cards with high interest rates.<br>",
    "purpose":"credit_card",
    "title":"Triple Credit Card Payoff",
    "addr_state":"NJ",
    "nr_payment_remarks":0.0,
    "nr_loans":39.0
}