{
    "id":2077359,
    "loan_amnt":3600.0,
    "term":" 36 months",
    "emp_title":"Auburn University",
    "emp_length":"4 years",
    "home_ownership":"RENT",
    "annual_inc":20000.0,
    "loan_status":"Fully Paid",
    "desc":"  Borrower added on 11\/14\/12 > I am relocating for a new job. The loan will cover moving expenses, new rental deposit plus first\/last month payment.<br><br>  Borrower added on 11\/15\/12 > A few more details about me: I recently finished a master's degree in Physics and I will be relocating for a job in the aerospace industry in southern California in 2 weeks (starting Dec 3rd). The company will be reimbursing 100% of relocation expenses, with the exception of refundable deposits.<br>",
    "purpose":"moving",
    "title":"Relocating for new job!",
    "addr_state":"AL",
    "nr_payment_remarks":0.0,
    "nr_loans":20.0
}