{
    "id":2301190,
    "loan_amnt":12000.0,
    "term":" 36 months",
    "emp_title":"Peterson Chiropractic",
    "emp_length":"4 years",
    "home_ownership":"MORTGAGE",
    "annual_inc":84000.0,
    "loan_status":"Fully Paid",
    "desc":"  Borrower added on 12\/04\/12 > I recently moved into this home that was built in 1988 and drastically needs a kitchen &quot;facelift.&quot;<br>",
    "purpose":"home_improvement",
    "title":"Kitchen Make Over",
    "addr_state":"UT",
    "nr_payment_remarks":0.0,
    "nr_loans":24.0
}