{
    "id":2366058,
    "loan_amnt":24000.0,
    "term":" 36 months",
    "emp_title":"MegaCorp Logistics",
    "emp_length":"< 1 year",
    "home_ownership":"MORTGAGE",
    "annual_inc":135000.0,
    "loan_status":"Fully Paid",
    "desc":"  Borrower added on 12\/06\/12 > I owe $38,000 on a Duplex and have a buyer willing to pay 14,000 for it. I need to get rid of the property because I no longer live close to it. My repayment history is superb but I just need a way to pay the difference on the loan so I can get rid of the property.<br>",
    "purpose":"debt_consolidation",
    "title":"Duplex Payoff",
    "addr_state":"KY",
    "nr_payment_remarks":0.0,
    "nr_loans":34.0
}