{
    "id":2369622,
    "loan_amnt":20000.0,
    "term":" 36 months",
    "emp_title":"Livemocha",
    "emp_length":"1 year",
    "home_ownership":"MORTGAGE",
    "annual_inc":125000.0,
    "loan_status":"Fully Paid",
    "desc":"  Borrower added on 12\/11\/12 > This loan is to consolidate credit card debt that I have that has a high interest rate.  I am working towards being completely debt free, and this loan will help me accomplish that by keeping my payments the same, but will shorten repayment by 6 years and save me thousands in interest.  Thank you!<br>",
    "purpose":"debt_consolidation",
    "title":"New Year - Debt Free",
    "addr_state":"WA",
    "nr_payment_remarks":0.0,
    "nr_loans":27.0
}