{
    "id":2704688,
    "loan_amnt":9500.0,
    "term":" 36 months",
    "emp_title":"Capital One ",
    "emp_length":"5 years",
    "home_ownership":"RENT",
    "annual_inc":46000.0,
    "loan_status":"Fully Paid",
    "desc":"  Borrower added on 12\/21\/12 > This loan request is for debt consolidation. Paying off credit card debt and closing accounts so that I don't go back to the same debt.<br>",
    "purpose":"debt_consolidation",
    "title":"2013",
    "addr_state":"NJ",
    "nr_payment_remarks":0.0,
    "nr_loans":20.0
}