{
    "id":2844794,
    "loan_amnt":14675.0,
    "term":" 36 months",
    "emp_title":"Salinas Valley Memorial Hospital",
    "emp_length":"10+ years",
    "home_ownership":"OWN",
    "annual_inc":36000.0,
    "loan_status":"Fully Paid",
    "desc":"  Borrower added on 01\/18\/13 > I would like this loan so I can pay off 2 high interest Rate loans that I have now. One is from One Main Financial and the other was a fast cash rate loan.<br>",
    "purpose":"credit_card",
    "title":"Credit card refinancing",
    "addr_state":"CA",
    "nr_payment_remarks":0.0,
    "nr_loans":33.0
}