{
    "id":2896902,
    "loan_amnt":12800.0,
    "term":" 36 months",
    "emp_title":"Soundtraxx",
    "emp_length":"3 years",
    "home_ownership":"RENT",
    "annual_inc":75000.0,
    "loan_status":"Fully Paid",
    "desc":"  Borrower added on 01\/02\/13 > After moving across the country, we've racked up a small amount of credit card debt. We'd like to reduce the APR while we pay everything off.<br><br>Thanks for considering a contribution to the funding of our loan!<br>",
    "purpose":"credit_card",
    "title":"Wedding\/Credit Card Consolidation",
    "addr_state":"CO",
    "nr_payment_remarks":0.0,
    "nr_loans":11.0
}