{
    "id":2984765,
    "loan_amnt":12175.0,
    "term":" 36 months",
    "emp_title":"Alabama Orthopedic and Spine",
    "emp_length":"< 1 year",
    "home_ownership":"RENT",
    "annual_inc":35360.0,
    "loan_status":"Fully Paid",
    "desc":"  Borrower added on 03\/04\/13 > Debt consolidation in order to purchase a home. One simple monthly payment would help speed that time and avoid excessive interest with multiple tradelines. Thank you for this opportunity!<br>",
    "purpose":"debt_consolidation",
    "title":"Debt Consolidation Loan",
    "addr_state":"AL",
    "nr_payment_remarks":0.0,
    "nr_loans":24.0
}