{
    "id":3161207,
    "loan_amnt":28000.0,
    "term":" 60 months",
    "emp_title":"Prisoner Assistant",
    "emp_length":"4 years",
    "home_ownership":"MORTGAGE",
    "annual_inc":150000.0,
    "loan_status":"Late (31-120 days)",
    "desc":"  Borrower added on 01\/14\/13 > I want to pay most credit cards off and have one payment. My interest rates vary from 9% to 18%, so a the 11% is good.<br>",
    "purpose":"debt_consolidation",
    "title":"Credit Card Consolidation Loan ",
    "addr_state":"PA",
    "nr_payment_remarks":0.0,
    "nr_loans":32.0
}