{
    "id":3236049,
    "loan_amnt":7600.0,
    "term":" 36 months",
    "emp_title":"Lending Solutions Inc.",
    "emp_length":"< 1 year",
    "home_ownership":"RENT",
    "annual_inc":28000.0,
    "loan_status":"Fully Paid",
    "desc":"  Borrower added on 01\/19\/13 > To pay off credit card debit.<br><br> Borrower added on 01\/19\/13 > Thank you for giving me the opportunity to pay off my credit card debit at a lower rate.<br>",
    "purpose":"debt_consolidation",
    "title":"DebtFreeIn3",
    "addr_state":"IL",
    "nr_payment_remarks":0.0,
    "nr_loans":24.0
}