{
    "id":3265053,
    "loan_amnt":29175.0,
    "term":" 60 months",
    "emp_title":"24 Hour Fitness",
    "emp_length":"10+ years",
    "home_ownership":"MORTGAGE",
    "annual_inc":98000.0,
    "loan_status":"Fully Paid",
    "desc":"  Borrower added on 01\/29\/13 > I would like to consolidate all of my existing credit card balances &amp; make a few home improvements to my home. This loan would be able to do that for me at a monthly payment I can afford.<br>",
    "purpose":"debt_consolidation",
    "title":"Debt Consolidation",
    "addr_state":"CA",
    "nr_payment_remarks":0.0,
    "nr_loans":23.0
}