{
    "id":3286815,
    "loan_amnt":2000.0,
    "term":" 36 months",
    "emp_title":"US Army",
    "emp_length":"9 years",
    "home_ownership":"RENT",
    "annual_inc":62000.0,
    "loan_status":"Fully Paid",
    "desc":"  Borrower added on 01\/27\/13 > I've been trying to get all my cars repaired for a while and just need a loan to do so. My 2007 4runner and Lexus IS350 needs new brakes, spark plugs, and maintenance which I currently don't have the money for.  <br><br>This loan will help me take care of it with a low monthly payment.<br>",
    "purpose":"other",
    "title":"Car Repair",
    "addr_state":"TX",
    "nr_payment_remarks":0.0,
    "nr_loans":23.0
}