{
    "id":3371919,
    "loan_amnt":21500.0,
    "term":" 60 months",
    "emp_title":"AAA Life Insurance Company",
    "emp_length":"7 years",
    "home_ownership":"MORTGAGE",
    "annual_inc":50000.0,
    "loan_status":"Fully Paid",
    "desc":"  Borrower added on 02\/16\/13 > I plan to use my loan to consolidate some old credit card bills that had a higher APR then what I was offered through Lending Club.  I've always been a good borrower and do not miss any payments or make late payments.  I've also been at my job for almost 7 years and look forward to many more.<br>",
    "purpose":"debt_consolidation",
    "title":"Debt Consolidation",
    "addr_state":"MI",
    "nr_payment_remarks":0.0,
    "nr_loans":31.0
}