{
    "id":3382174,
    "loan_amnt":35000.0,
    "term":" 36 months",
    "emp_title":null,
    "emp_length":"10+ years",
    "home_ownership":"MORTGAGE",
    "annual_inc":400000.0,
    "loan_status":"Fully Paid",
    "desc":"  Borrower added on 02\/14\/13 > I am requesting this loan to build an in-ground swimming pool at my house.<br><br> Borrower added on 02\/14\/13 > Building an under ground pool at my house.<br>",
    "purpose":"home_improvement",
    "title":"Home improvement",
    "addr_state":"AZ",
    "nr_payment_remarks":0.0,
    "nr_loans":39.0
}