{
    "id":3486267,
    "loan_amnt":35000.0,
    "term":" 60 months",
    "emp_title":"City of Newport Beach",
    "emp_length":"10+ years",
    "home_ownership":"MORTGAGE",
    "annual_inc":97000.0,
    "loan_status":"Fully Paid",
    "desc":"  Borrower added on 02\/21\/13 > The purpose of the loan is to pay off high interest credit cards and consolidate the payment into one lump sum.  Thank you for your consideration.<br><br>  Borrower added on 02\/21\/13 > I was trying to answer a question but pushed the tab button and accidentally submitted an empty answer field.  Responses to someones question:<br>Discover  #1  $6500<br>Discover  #2  $7000<br>Mastercard    $3600<br>Home Depot     $650<br>Sears $3400<br>Cap 1 $400<br>Cap 1#2 $600<br>Student Loan $10K<br>",
    "purpose":"debt_consolidation",
    "title":"Thank you for the help",
    "addr_state":"CA",
    "nr_payment_remarks":0.0,
    "nr_loans":20.0
}