{
    "id":3525885,
    "loan_amnt":30000.0,
    "term":" 60 months",
    "emp_title":"Caldrea",
    "emp_length":"< 1 year",
    "home_ownership":"MORTGAGE",
    "annual_inc":126875.0,
    "loan_status":"Fully Paid",
    "desc":"  Borrower added on 02\/26\/13 > Loan is going to be used to pay our 2012 Tax bills as well as pay revolving debt. We rather have an installment loan that will pay off our debt in 5 years vs revolving credit cards debt that may take longer to pay off.<br>",
    "purpose":"debt_consolidation",
    "title":"Debt Consolidation",
    "addr_state":"MN",
    "nr_payment_remarks":0.0,
    "nr_loans":45.0
}