{
    "id":3528717,
    "loan_amnt":10000.0,
    "term":" 36 months",
    "emp_title":"Childrens Medical Center",
    "emp_length":"< 1 year",
    "home_ownership":"MORTGAGE",
    "annual_inc":52000.0,
    "loan_status":"Fully Paid",
    "desc":"  Borrower added on 02\/26\/13 > I am going to use the money to pay off my remaining credit card debt.  I want a fresh start towards my financial future.<br>",
    "purpose":"debt_consolidation",
    "title":"A Fresh Start",
    "addr_state":"TX",
    "nr_payment_remarks":0.0,
    "nr_loans":27.0
}