{
    "id":361090,
    "loan_amnt":25000.0,
    "term":" 36 months",
    "emp_title":"Informa Research Services",
    "emp_length":"10+ years",
    "home_ownership":"MORTGAGE",
    "annual_inc":135000.0,
    "loan_status":"Fully Paid",
    "desc":"I'm in the process of starting a new Dry Cleaner plant on premisses. The total cost of the project is approx. $300K. We've put in about $105 of our money plus we're leasing the equipment which we got approval on for $165. We're short about $25K-$30K. I'm employed for a company and will continue to do so. I've there for over 20 years. My annual salary is $115K + bonus. My partner will be working in the store full time. It's in a great location, Woodland Hills, CA. on Ventura Blvd. My partner has over 15 years of experience working in that business.",
    "purpose":"small_business",
    "title":"Wow Cleaners",
    "addr_state":"CA",
    "nr_payment_remarks":0.0,
    "nr_loans":52.0
}