{
    "id":361549,
    "loan_amnt":3000.0,
    "term":" 36 months",
    "emp_title":"leslie digital imaging",
    "emp_length":"2 years",
    "home_ownership":"RENT",
    "annual_inc":41004.0,
    "loan_status":"Fully Paid",
    "desc":" i have 1500 waiting after moving out of my current apartment from the deposit but need the deposit requested for the new apartment now. Also using this to build credit since i can get the money from family.",
    "purpose":"other",
    "title":"deposit and moving expenses",
    "addr_state":"NY",
    "nr_payment_remarks":0.0,
    "nr_loans":8.0
}