{
    "id":3626306,
    "loan_amnt":20000.0,
    "term":" 36 months",
    "emp_title":"Provident Funding Associates",
    "emp_length":"8 years",
    "home_ownership":"RENT",
    "annual_inc":110000.0,
    "loan_status":"Fully Paid",
    "desc":"  Borrower added on 03\/02\/13 > Right now, I'm paying over $1,000 every month to various credit cards.  I am going to LOVE only paying ONE company AND saving thousands of dollars in interest.  Thank you so much for allowing the opportunity for me to get my debt under control.<br>",
    "purpose":"debt_consolidation",
    "title":"Consolidation",
    "addr_state":"CA",
    "nr_payment_remarks":0.0,
    "nr_loans":26.0
}