{
    "id":365741,
    "loan_amnt":12000.0,
    "term":" 36 months",
    "emp_title":"HOMES Inc.",
    "emp_length":"1 year",
    "home_ownership":"MORTGAGE",
    "annual_inc":46500.0,
    "loan_status":"Fully Paid",
    "desc":"I am requesting a loan for $15,000.  I have recently bought a house and took out a loan from Citifinancial to consolidate some credit card debt.  The loan is at 19% and I would like to get something at a lower interest rate and a lower payment per month to get my debt to income ratio more in line along with allowing me to get my debts paid off sooner.  In the future, I can use equity in my home to avoid paying for big ticket home repairs or appliance replacement with credit cards.  I am not interested in adding debt but rather eliminating it.  I am not behind on payments at this time and have not been for over a year. I have been employed at the same job in Human Services program management for over 3 years.  I am raising a 7 year old boy as well and want to consolidate my expenses and get things paid off in order to prepare for his future as well as mine.",
    "purpose":"credit_card",
    "title":"Pay Off High Interest Debt",
    "addr_state":"MN",
    "nr_payment_remarks":0.0,
    "nr_loans":36.0
}