{
    "id":369275,
    "loan_amnt":1525.0,
    "term":" 36 months",
    "emp_title":"Self",
    "emp_length":"7 years",
    "home_ownership":"OWN",
    "annual_inc":25000.0,
    "loan_status":"Fully Paid",
    "desc":"My reputation as a cinematographer is on the rise.  I'm am currently shooting two feature length independent films.  These films are not being shot on High Definition, but all subsequent films will need to be.  Therefore, I must upgrade my camera to HD, as well. The camera I've chosen allows for interchangeable lenses.  Having this camera will bring me more assignments due to the camera's versatility, ability to shoot using cinemagraphic lenses and my practical experience with the feature films that I have worked on already.   I base this on the fact that I noted an increase in business when I upgraded in 2005 to a camera that was capable of shooting 23.98 frames-per-second.     Being able to offer shooting-plus-editing packages to clients at reasonable rates is a strength in the current economic environment.  After eight years of experience in my field, the projects of my client base are growing, becoming longer and more involved.  I've gone from 10-20 minute projects (documentary, promo's, PSA's, ads, music videos) to feature length indie film and DVD projects. These projects require more processing speed and hard drive space than the Mac G4 I've been using can handle.  I am able to pull together funding on my own to upgrade my computer, which will allow me handle more than one large project at once, and to author DVD's for my clients from the projects I edit-- better and more efficient for my clients, and more income per project for me ($1000-3000 more per project.)  I work with a diverse mixture of clients -- from educational institutes to documentary producers, up-and-coming African directors, small businesses, corporate clients, production companies, rappers, rockers and other entertainers-- and have built my business using much of the same gear and software I bought will still in school.  I am requesting financing for:  Camera- JVC GY 100HD: est cost $4,000 Final Cut Suite2 (non academic full version software) $1,200  Thank you for your time.",
    "purpose":"small_business",
    "title":"Moving up to full HD production camera",
    "addr_state":"CA",
    "nr_payment_remarks":1.0,
    "nr_loans":9.0
}