{
    "id":376664,
    "loan_amnt":3500.0,
    "term":" 36 months",
    "emp_title":"Insurance Services Office, Inc.",
    "emp_length":"9 years",
    "home_ownership":"RENT",
    "annual_inc":65000.0,
    "loan_status":"Fully Paid",
    "desc":"I want to refinance a loan I have with Chase.  It was originally taken out for $6000.  Since its inception, I have made ~25 continuous payments on time; there is to be a total of 59 installments.  My wife and I recently had a baby so we are looking to free up some cash to compensate for her lost income until her maternity leave is up and she returns to work.",
    "purpose":"debt_consolidation",
    "title":"Refinance a Personal Loan from Chase",
    "addr_state":"NJ",
    "nr_payment_remarks":0.0,
    "nr_loans":22.0
}