{
    "id":378890,
    "loan_amnt":8000.0,
    "term":" 36 months",
    "emp_title":"United States Army",
    "emp_length":"10+ years",
    "home_ownership":"MORTGAGE",
    "annual_inc":155867.0,
    "loan_status":"Fully Paid",
    "desc":"Purchase a 1997 Harley Davidson Road King with 7500 miles.  Current value of motorcycle is $11250 according to KBB and doesn't include approximately $1500 of additional accessories that were installed by the current owner.",
    "purpose":"major_purchase",
    "title":"Harley Davidson",
    "addr_state":"TX",
    "nr_payment_remarks":0.0,
    "nr_loans":41.0
}