{
    "id":3929404,
    "loan_amnt":8575.0,
    "term":" 36 months",
    "emp_title":"Black & Veatch",
    "emp_length":"4 years",
    "home_ownership":"MORTGAGE",
    "annual_inc":39000.0,
    "loan_status":"Fully Paid",
    "desc":"  Borrower added on 03\/25\/13 > The loan is going to be used for paying off higher interest credit card debt. Having to make fewer payments per month will be helpful and convenient.<br>",
    "purpose":"debt_consolidation",
    "title":"Pay off Credit Cards",
    "addr_state":"MO",
    "nr_payment_remarks":0.0,
    "nr_loans":32.0
}