{
    "id":398711,
    "loan_amnt":17000.0,
    "term":" 36 months",
    "emp_title":"New York City Police Department",
    "emp_length":"3 years",
    "home_ownership":"RENT",
    "annual_inc":50000.0,
    "loan_status":"Fully Paid",
    "desc":"Hi everyone. I just want you all to know I have no problem paying more than the minimum monthly payment on my account, but the interests are so high that I decided to get a personal loan. And since the interest will be lower on this loan, I'll be able to finish paying this loan faster. Thank you all for your help",
    "purpose":"debt_consolidation",
    "title":"Debt Consolidation",
    "addr_state":"NY",
    "nr_payment_remarks":0.0,
    "nr_loans":20.0
}