{
    "id":403941,
    "loan_amnt":2400.0,
    "term":" 36 months",
    "emp_title":"The Art Institute of Phoenix",
    "emp_length":"< 1 year",
    "home_ownership":"RENT",
    "annual_inc":4800.0,
    "loan_status":"Fully Paid",
    "desc":"I just returned from overseas doing missionary volunteer service in Iceland for the past two years.  Because of that my bank will not approve me for a loan due to the fact I have no work history for the last two years.  However, I have a steady job, and am a full time student.  The money would go towards my car to get it totally paid off.",
    "purpose":"car",
    "title":"Small Auto Loan",
    "addr_state":"AZ",
    "nr_payment_remarks":0.0,
    "nr_loans":5.0
}