{
    "id":405994,
    "loan_amnt":10000.0,
    "term":" 36 months",
    "emp_title":"TCO Satellite, Inc.",
    "emp_length":"1 year",
    "home_ownership":"RENT",
    "annual_inc":36000.0,
    "loan_status":"Fully Paid",
    "desc":"I have a bank of america credit card and it has very high interest rate, Because i used cash advance for many times. I believe the loan interest rate will be much lower than my credit card interest rate.",
    "purpose":"debt_consolidation",
    "title":"Consolidate credit card debt",
    "addr_state":"CA",
    "nr_payment_remarks":0.0,
    "nr_loans":5.0
}