{
    "id":4298215,
    "loan_amnt":10000.0,
    "term":" 36 months",
    "emp_title":"Seattle Fire Department",
    "emp_length":"10+ years",
    "home_ownership":"MORTGAGE",
    "annual_inc":235000.0,
    "loan_status":"Fully Paid",
    "desc":"  Borrower added on 04\/13\/13 > If this loan is approved I will pay off my high interest loans and purchase a new furnace for my home. Also, being a responsible person I will pay this loan in a timely manner.<br>",
    "purpose":"debt_consolidation",
    "title":"Debt consolidation",
    "addr_state":"WA",
    "nr_payment_remarks":0.0,
    "nr_loans":43.0
}