{
    "id":4310415,
    "loan_amnt":14000.0,
    "term":" 36 months",
    "emp_title":"Kotis Design",
    "emp_length":"6 years",
    "home_ownership":"RENT",
    "annual_inc":52000.0,
    "loan_status":"Fully Paid",
    "desc":"  Borrower added on 04\/15\/13 > From the time I've had a credit card, I have never missed a payment and remained gainfully employed.  After reviewing my finances fully with a financial advisor, refinancing high-interest  debt seemed logical. Not only will I save money, but you stand to gain by investing in someone who is reliable.<br>",
    "purpose":"credit_card",
    "title":"Refinancing High-Interest Credit Cards",
    "addr_state":"WA",
    "nr_payment_remarks":0.0,
    "nr_loans":9.0
}