{
    "id":433053,
    "loan_amnt":3000.0,
    "term":" 36 months",
    "emp_title":"United Health Group Inc.",
    "emp_length":"1 year",
    "home_ownership":"RENT",
    "annual_inc":42000.0,
    "loan_status":"Fully Paid",
    "desc":"Hello,    I am interested in taking out a loan to pay down some higher interest credit cards to save some money in the long term.  I can afford to continue to make payments on these cards, but would like to refinance them to save some money.    Tim",
    "purpose":"debt_consolidation",
    "title":"Paying Down Higher Rate Credit Cards",
    "addr_state":"MN",
    "nr_payment_remarks":0.0,
    "nr_loans":14.0
}