{
    "id":443292,
    "loan_amnt":15850.0,
    "term":" 36 months",
    "emp_title":"Lolita Restaurant",
    "emp_length":"< 1 year",
    "home_ownership":"RENT",
    "annual_inc":36000.0,
    "loan_status":"Fully Paid",
    "desc":"I would like a loan to consolidate my credit card balances on six different cards.  It would be easier for me to have one payment rather than juggle six payments every month.  I am a reliable candidate as I have a good payment history and am always on time.  Please consider me for a loan.",
    "purpose":"debt_consolidation",
    "title":"Consolidation Loan",
    "addr_state":"CT",
    "nr_payment_remarks":0.0,
    "nr_loans":12.0
}