{
    "id":4434887,
    "loan_amnt":8000.0,
    "term":" 36 months",
    "emp_title":"Montana Rail Link",
    "emp_length":"10+ years",
    "home_ownership":"OWN",
    "annual_inc":70000.0,
    "loan_status":"Fully Paid",
    "desc":"  Borrower added on 04\/19\/13 > I need to get a new furnace, and buying an installing was going to be a great strain on the credit cards, so hence I came here.  In addition I am looking at redoing my bathroom, and general outside appearance detailing.  Thanks.<br>",
    "purpose":"home_improvement",
    "title":"Home\/Furn\/Bath",
    "addr_state":"MT",
    "nr_payment_remarks":0.0,
    "nr_loans":19.0
}