{
    "id":446277,
    "loan_amnt":15200.0,
    "term":" 36 months",
    "emp_title":"TPE Inc.",
    "emp_length":"9 years",
    "home_ownership":"MORTGAGE",
    "annual_inc":42000.0,
    "loan_status":"Fully Paid",
    "desc":"I have a dream.  A dream of owning and operating my own cafe in Florida.  I have owned 3 businesses since the age of 21.  Each did very well and prospered.  I have sold two of those businesses over the years and I am now left with only the one that I have been running for the past 10 years with my husband.  And although I hate to say it, we are now divorced and I will be selling my half of the company to him. And although and I will have more than enough funds to start my business once this transaction has taken place,I am eager to get started right away and I would like to try and go ahead and get a loan to make sure that I have enough money to start my dream in a comfortable way.  I have a good bit of money in savings and I have excellent credit. I have never been late on any payments in the past.  I know how important it is to pay your bills on time and to maintain good credit.  I am not asking for a very large amount, just enough to go ahead and move to Florida and get started with my dream of owning my own cafe, serving teas, coffees, sweets and ice cream now, rather than wait till later in the year.  I just know it will thrive, as I know the area that I would like to move to, very well.  I\u00e2\u0080\u0099ve been going there all of my life.  I\u00e2\u0080\u0099ve also been involved in a cafe, with my oldest daughter, for several years now, so I am familiar with what it will take to make it in this particular field.  I am willing to work as hard as a human being can possibly work to get this loan and make it happen.  Anyone who invests in me, will not be wasting there time or money, but in all actuality will be helping a lady start her new life.  If you can help, please contact me.  Thank you, Robin 517115 added on 10\/06\/09 > Well, the ball is rolling.  I have found a new home in Florida, I'm all packed and I will be moving there on October 10th.  Sure would be GREAT to have my loan approved and know that once I get there, I had the money to go ahead and start my dream!   It would be great if I could be open in time for Halloween, Thanksgiving, Christmas and New Years.  To anyone who may read this and decide to help me, I say to you, THANK YOU, THANK YOU, THANK YOU,  SO VERY MUCH! It must feel GREAT knowing you are helping others!!!",
    "purpose":"small_business",
    "title":"Can you help me make my dream a reality?",
    "addr_state":"GA",
    "nr_payment_remarks":0.0,
    "nr_loans":32.0
}