{
    "id":449610,
    "loan_amnt":12000.0,
    "term":" 36 months",
    "emp_title":"Accenture",
    "emp_length":"1 year",
    "home_ownership":"RENT",
    "annual_inc":50000.0,
    "loan_status":"Fully Paid",
    "desc":" 552363 added on 10\/07\/09 > Need to pay off a healthcare loan before 10\/16\/09 to avoid high interest costs.  Help would be greatly appreciated. 552363 added on 10\/08\/09 > Also, in the process of paying off out of state college (Purdue) loans. 552363 added on 10\/11\/09 > Please help :(.  I'm starting to get nervous that I won't meet my due date. 552363 added on 10\/15\/09 > Received an extension until 10\/21 - I guarantee I will have no problems making my monthly payments.  I also picked an independent sales position to bring in additional income.",
    "purpose":"debt_consolidation",
    "title":"Consolidate Healthcare Debt.",
    "addr_state":"IL",
    "nr_payment_remarks":1.0,
    "nr_loans":13.0
}