{
    "id":452649,
    "loan_amnt":11975.0,
    "term":" 36 months",
    "emp_title":"4G Wireless - Verizon",
    "emp_length":"1 year",
    "home_ownership":"RENT",
    "annual_inc":42000.0,
    "loan_status":"Fully Paid",
    "desc":" 558864 added on 10\/17\/09 > This loan will help pay for wedding expenses. 558864 added on 10\/28\/09 > I am a very good investment when it comes to these kind of things.  Even though I am carrying some credit debt, I have never missed a payment or have been late for one.",
    "purpose":"wedding",
    "title":"Finance Wedding Expenses",
    "addr_state":"CA",
    "nr_payment_remarks":0.0,
    "nr_loans":27.0
}