{
    "id":4568603,
    "loan_amnt":12000.0,
    "term":" 36 months",
    "emp_title":"Builders Systems Inc",
    "emp_length":"10+ years",
    "home_ownership":"MORTGAGE",
    "annual_inc":78000.0,
    "loan_status":"Fully Paid",
    "desc":"  Borrower added on 04\/25\/13 > To pay off debt that I have been struggling to pay. This will make it possible finally!<br>",
    "purpose":"debt_consolidation",
    "title":"Debt payoff",
    "addr_state":"MA",
    "nr_payment_remarks":0.0,
    "nr_loans":36.0
}