{
    "id":458440,
    "loan_amnt":16800.0,
    "term":" 36 months",
    "emp_title":"Robomodo",
    "emp_length":"1 year",
    "home_ownership":"RENT",
    "annual_inc":80000.0,
    "loan_status":"Fully Paid",
    "desc":"  Borrower added on 01\/13\/10 > This money will be used to consolidate me and my wife's credit cards down to a single payment at a lower interest rate. We're switching over to using cash as much as possible to avoid accumulating more debt than we can pay off each month.<br\/><br\/>Also I should say we have no problems making the payments we just want to save money by having a lower rate, and we have enough money in savings to cover our debts\/bills for several months if I was to lose my job (she is a student).<br\/>",
    "purpose":"debt_consolidation",
    "title":"For the future",
    "addr_state":"IL",
    "nr_payment_remarks":0.0,
    "nr_loans":13.0
}