{
    "id":470136,
    "loan_amnt":9000.0,
    "term":" 36 months",
    "emp_title":"Avante Healthcare Center",
    "emp_length":"6 years",
    "home_ownership":"RENT",
    "annual_inc":55000.0,
    "loan_status":"Fully Paid",
    "desc":"  Borrower added on 12\/21\/09 > I used credit cards for school\/books\/incidentals while receiving my nursing degree and would like to consolidate my revolving debt into one low interest payment per month.  Thank you for considering my loan application.<br\/>",
    "purpose":"debt_consolidation",
    "title":"Appreciating the gift that was my education",
    "addr_state":"VA",
    "nr_payment_remarks":0.0,
    "nr_loans":10.0
}