{
    "id":470104,
    "loan_amnt":2500.0,
    "term":" 36 months",
    "emp_title":"Lincoln Towing",
    "emp_length":"2 years",
    "home_ownership":"RENT",
    "annual_inc":24000.0,
    "loan_status":"Fully Paid",
    "desc":"  Borrower added on 12\/20\/09 > I have excellent credit, a sound budget, no debt other than a credit card that I payoff in full every month, and a easily accessible emergency fund stored away in safe investments.<br\/> Borrower added on 12\/21\/09 > I plan to re-invest in Lending Club notes. I plan to repay the loans with income from my investment, and re-invest the profits to create a compound of interest. But I might also re-pay my Prosper loan as sort of a refinance sense the interest rate is lower with lending club. I haven't decided yet. One of the two will happen. I have good credit through trial and error, I learned who fast a credit score can drop when the payments aren't made. Plus my Girl friend of 4yrs has a higher credit score than I and I have been fighting tooth and nail the beat her score. so you can count on me, I will not jeopardize all the hard work and discipline I have put in to have a 750+ Credit score. My goal in 800. I have a nice saving for emergencies and possible a good size down payment for a house once I'm sure we won't have a double dip recession. Commercial real estate is next to crash, and the governments temporary fixes are making things worse for the future of the US. witch is also the reason I might just use this as a refinance, I don't want to fund too many loans if things might get worse. But as far as your concerned, I am a good Investment.<br\/>",
    "purpose":"other",
    "title":"Re-Invest In LendingClub Notes",
    "addr_state":"WA",
    "nr_payment_remarks":0.0,
    "nr_loans":10.0
}