{
    "id":471366,
    "loan_amnt":10000.0,
    "term":" 36 months",
    "emp_title":"Homeland Security Solutions, Inc",
    "emp_length":"1 year",
    "home_ownership":"MORTGAGE",
    "annual_inc":44000.0,
    "loan_status":"Fully Paid",
    "desc":"  Borrower added on 12\/24\/09 > Will be using this money to consolidate my debt into one lower monthly payment.<br\/>null",
    "purpose":"debt_consolidation",
    "title":"Dawn's Consolidation Plan",
    "addr_state":"VA",
    "nr_payment_remarks":0.0,
    "nr_loans":20.0
}