{
    "id":480111,
    "loan_amnt":2500.0,
    "term":" 36 months",
    "emp_title":"Performance Rehabilitation",
    "emp_length":"< 1 year",
    "home_ownership":"RENT",
    "annual_inc":35000.0,
    "loan_status":"Fully Paid",
    "desc":"  Borrower added on 01\/27\/10 > I plan to use the loan to help pay my bills that have accumulated. I have to pay rent, electric, cable, and school loans. I have a full time job as an athletic trainer and this loan will help me not fall behind on any bills and help me establish good credit.<br\/>",
    "purpose":"debt_consolidation",
    "title":"Katie",
    "addr_state":"MA",
    "nr_payment_remarks":0.0,
    "nr_loans":6.0
}