{
    "id":480608,
    "loan_amnt":6400.0,
    "term":" 36 months",
    "emp_title":"Smurfit-Stone",
    "emp_length":"4 years",
    "home_ownership":"MORTGAGE",
    "annual_inc":74280.0,
    "loan_status":"Fully Paid",
    "desc":"  Borrower added on 02\/10\/10 > I am seeking a personal loan for debt consolidation purposes.  My credit is good and I've never had an account due past 30 days.  I also have two jobs, a full-time job during the days and I teach at a technical\/trade school 4 nights a week.  My gross monthly income is $6190.  I also earn an additional $400 per month renting out part of my house.  I feel I would be able to meet the obligation of roughly $200\/month for 3 years to pay this loan back.  Please contact me with any questions.<br\/>",
    "purpose":"debt_consolidation",
    "title":"Debt Consolidation Purposes",
    "addr_state":"MO",
    "nr_payment_remarks":0.0,
    "nr_loans":20.0
}