{
    "id":4894709,
    "loan_amnt":10000.0,
    "term":" 36 months",
    "emp_title":"Charles K. Blandin Foundation",
    "emp_length":"10+ years",
    "home_ownership":"MORTGAGE",
    "annual_inc":64100.0,
    "loan_status":"Fully Paid",
    "desc":"  Borrower added on 06\/07\/13 > I will use this load to consolidate a credit card and signature loan.<br>",
    "purpose":"debt_consolidation",
    "title":"Debt Consolidation",
    "addr_state":"MN",
    "nr_payment_remarks":0.0,
    "nr_loans":31.0
}