{
    "id":5029544,
    "loan_amnt":6000.0,
    "term":" 60 months",
    "emp_title":"Opko Health",
    "emp_length":"4 years",
    "home_ownership":"MORTGAGE",
    "annual_inc":42016.0,
    "loan_status":"Fully Paid",
    "desc":"  Borrower added on 05\/08\/13 > My loan is for debt consolidatation. I would like to combined about 4 obligations with various rates into one fixed rate payment in order to save some money and make life easier.<br>",
    "purpose":"debt_consolidation",
    "title":"Consolidate",
    "addr_state":"FL",
    "nr_payment_remarks":0.0,
    "nr_loans":13.0
}