{
    "id":5036060,
    "loan_amnt":24000.0,
    "term":" 36 months",
    "emp_title":"AirTran Airways",
    "emp_length":"3 years",
    "home_ownership":"RENT",
    "annual_inc":90000.0,
    "loan_status":"Fully Paid",
    "desc":"  Borrower added on 05\/06\/13 > Looking to consolidate my credit cards into one payment at a lower interest rate so that I may have my debt paid off in a fixed period (36 months).<br>",
    "purpose":"credit_card",
    "title":"Credit Card Consolidation",
    "addr_state":"AZ",
    "nr_payment_remarks":0.0,
    "nr_loans":14.0
}