{
    "id":525133,
    "loan_amnt":3000.0,
    "term":" 36 months",
    "emp_title":"Bloomingdale",
    "emp_length":"< 1 year",
    "home_ownership":"RENT",
    "annual_inc":31200.0,
    "loan_status":"Fully Paid",
    "desc":"  Borrower added on 06\/02\/10 > Hot Dog Cart buisiness in FL with my dad already have the location my dad is runing the buisiness<br\/> Borrower added on 06\/02\/10 > Hot Dog Cart buisiness in FL with my dad already have the location my dad is runing the buisiness<br\/>",
    "purpose":"small_business",
    "title":"personal loan",
    "addr_state":"CA",
    "nr_payment_remarks":0.0,
    "nr_loans":10.0
}