{
    "id":526705,
    "loan_amnt":2500.0,
    "term":" 36 months",
    "emp_title":"Auburn Dairy",
    "emp_length":"4 years",
    "home_ownership":"RENT",
    "annual_inc":42000.0,
    "loan_status":"Fully Paid",
    "desc":"  Borrower added on 06\/06\/10 > i made some poor decisions now i need the money to pay it back. My job is a full time union job so i have a very stable job i have been laid off before but no chance of that happening again<br\/> Borrower added on 06\/06\/10 > what makes me a good borrower is that i made a mistake and now im trying to fix the problem and i will make the payment when the payment is due i would feel so bad if i missed a payment. its like a credit card u know u need to make the payment or im going to be in BIG trouble.<br\/> Borrower added on 06\/06\/10 > see i made a few mistakes and now im paying the price for them im on vacation in Florida right now and i can't go or do anything at the moment cause its the weekend and the banks are closed. which is not all that fun.<br\/> Borrower added on 06\/06\/10 > long story short i have a credit card i used it to get a flight to Florida for the week then i made the mistake of booking for the wrong week then they said they would refund it they haven't posted it yet so now im waiting for them to post it so i can try to take care of it but its sunday and i bank thru chase thats who the card is through and they aren't helping much either.<br\/>",
    "purpose":"debt_consolidation",
    "title":"Kissapher",
    "addr_state":"WA",
    "nr_payment_remarks":0.0,
    "nr_loans":5.0
}