{
    "id":5335443,
    "loan_amnt":8400.0,
    "term":" 36 months",
    "emp_title":"U.S. Army TACOM",
    "emp_length":"10+ years",
    "home_ownership":"MORTGAGE",
    "annual_inc":90000.0,
    "loan_status":"Fully Paid",
    "desc":"  Borrower added on 05\/20\/13 > Looking to finish the basement in my home.  Drywall, some wall dividers, electrical, carpet, tile etc.<br>",
    "purpose":"home_improvement",
    "title":"The basement loan",
    "addr_state":"MI",
    "nr_payment_remarks":0.0,
    "nr_loans":25.0
}