{
    "id":548729,
    "loan_amnt":8000.0,
    "term":" 36 months",
    "emp_title":"Education Service Center, Region 2",
    "emp_length":"10+ years",
    "home_ownership":"MORTGAGE",
    "annual_inc":64000.0,
    "loan_status":"Fully Paid",
    "desc":"  Borrower added on 06\/08\/12 > Going to use money to pay off revolving credit accounts with higher interest.<br>",
    "purpose":"debt_consolidation",
    "title":"Pay off Higher Interest Loan",
    "addr_state":"TX",
    "nr_payment_remarks":0.0,
    "nr_loans":22.0
}