{
    "id":548816,
    "loan_amnt":10000.0,
    "term":" 60 months",
    "emp_title":"West Coast Dental Services Inc",
    "emp_length":"5 years",
    "home_ownership":"RENT",
    "annual_inc":60000.0,
    "loan_status":"Fully Paid",
    "desc":"  Borrower added on 07\/24\/10 > We were just planning to replace our &quot;old&quot; hand-me-down furnitures from friends (couch, TV, bed) when our 14yr old car decided to retire on us. Right now I am just taking the bus to work everyday. Rather than getting a separate car loan &amp; upgrading furnitures by using credit cards, we decided that getting just one loan would be the best way to handle this financial need. In fact whatever will be left of the $25k loan we will use to pay-off outstanding credit card balances. That way we only have one payment to focus on each month.<br\/> Borrower added on 07\/24\/10 > I am confident that I can afford the monthly payments on this loan. I have a very stable job and good credit track record. I will be on my 6th year with the company. I don't jump from job to job,this being just my second. The first job i held was in a bank for 16 years. Thank you in advance for funding my loan application.<br\/>",
    "purpose":"major_purchase",
    "title":"Eli's Dream",
    "addr_state":"CA",
    "nr_payment_remarks":0.0,
    "nr_loans":10.0
}