{
    "id":558196,
    "loan_amnt":13400.0,
    "term":" 60 months",
    "emp_title":"US Air Force",
    "emp_length":"8 years",
    "home_ownership":"RENT",
    "annual_inc":50400.0,
    "loan_status":"Fully Paid",
    "desc":"  Borrower added on 08\/02\/10 > Military member looking to consolidate and pay off two high interest credit cards.  I am eight years into my career and trying to set myself up for retirement.  Current minimum payments on the cards is 350 a month and I will continue to pay that amount even though my payment will only be 306.<br\/> Borrower added on 08\/03\/10 > I am an active duty military member which is working to rid himself of debt.  My wife and I are very dedicated to get this done.  I am trying to consolidate two high interest credit cards of which I pay $350 a month for.  This loan would lower my payment to $308 and would also give us a solid starting point in working toward our goal.  Current balances on the cards are 6000 and 7200.<br\/>",
    "purpose":"debt_consolidation",
    "title":"Budget set, get out of debt !",
    "addr_state":"IL",
    "nr_payment_remarks":0.0,
    "nr_loans":17.0
}