{
    "id":560227,
    "loan_amnt":4800.0,
    "term":" 60 months",
    "emp_title":"Costco Wholesale",
    "emp_length":"10+ years",
    "home_ownership":"MORTGAGE",
    "annual_inc":30000.0,
    "loan_status":"Fully Paid",
    "desc":"  Borrower added on 10\/22\/10 > I aws waiting to apply for this loan to see if it was necessary,we are 12 mos. out. It appears we can't cut the guest list more, so now I am following up. Please note I do make 45,000k a year..Thank you<br\/>",
    "purpose":"wedding",
    "title":"Amanda's wedding",
    "addr_state":"CA",
    "nr_payment_remarks":1.0,
    "nr_loans":10.0
}