{
    "id":563835,
    "loan_amnt":8000.0,
    "term":" 36 months",
    "emp_title":"United States Federal Courts",
    "emp_length":"2 years",
    "home_ownership":"MORTGAGE",
    "annual_inc":85000.0,
    "loan_status":"Fully Paid",
    "desc":"  Borrower added on 08\/15\/10 > I am purchasing a new home and although I have sufficient funds for the down payment I was cutting my cash a little too close on the closing costs.  In fact, it may turn out that I don't need the funds at all but I want to have them on hand so that I'm able to complete closing without any delay.  In the event the funds are not used, they will be returned as prepayment on the loan of course.<br\/> Borrower added on 08\/15\/10 > I also want to add that I expected to have the closing costs saved over the course of the months my house was on the market but, much to my surprise, I sold my house in only 2 days.  Given the buyers' market I had to take a little less than expected on mine but I got a good deal on the buy and even got the sellers of the home I purchased to kick in some of the closing cost.  I have invested in LendingClub loans before and thought this would be a good way to try out the borrowing side and get a low interest rate in the event I do need to end up using some of the funds.<br\/> Borrower added on 08\/15\/10 > I want to add that I had planned to have saved funds for the closing over the months my house was on the market but it turns out I unexpectedly sold the house in 2 days.  In this buyers' market I had to take a little less than I wanted but I think conversely I got a great deal on my new home.  From a cash-flow standpoint we just got a little blindsided by the speed of selling our home and buying a new one.  As I stated before, I just want to feel confident that closing is not going to be a problem and that I have access to a cash reserve.<br\/>",
    "purpose":"house",
    "title":"Closing Costs Loan",
    "addr_state":"VA",
    "nr_payment_remarks":0.0,
    "nr_loans":25.0
}