{
    "id":5695776,
    "loan_amnt":24000.0,
    "term":" 36 months",
    "emp_title":"Fairfax County Public Schools",
    "emp_length":"4 years",
    "home_ownership":"OWN",
    "annual_inc":68000.0,
    "loan_status":"Fully Paid",
    "desc":"  Borrower added on 06\/18\/13 > I make consistent on-time payments on all my credit card bills, but have not been able to make significant progress wiping out the balances. The card company's see no reason to lower my interest rate to help. A card consolidation loan will help me finally dig out of the hole.<br>",
    "purpose":"credit_card",
    "title":"Credit Card Consolidation",
    "addr_state":"OH",
    "nr_payment_remarks":0.0,
    "nr_loans":15.0
}