{
    "id":5759269,
    "loan_amnt":7000.0,
    "term":" 36 months",
    "emp_title":"Red Eagle Aviation",
    "emp_length":"2 years",
    "home_ownership":"RENT",
    "annual_inc":40000.0,
    "loan_status":"Fully Paid",
    "desc":"  Borrower added on 08\/22\/13 > To achieve my career goals, becoming a commercial pilot, I had to finance the remainder of my education with credit cards. Immediately after I finished, I was offered a job. However, I still have these debts to pay off. I'm looking for a better rate.<br>",
    "purpose":"credit_card",
    "title":"Consolidate accrued credit card debt.",
    "addr_state":"MT",
    "nr_payment_remarks":0.0,
    "nr_loans":9.0
}