{
    "id":5768999,
    "loan_amnt":21250.0,
    "term":" 36 months",
    "emp_title":"Prime Inc",
    "emp_length":"< 1 year",
    "home_ownership":"MORTGAGE",
    "annual_inc":48000.0,
    "loan_status":"Fully Paid",
    "desc":"  Borrower added on 06\/11\/13 > to consolidate bills and put a new ac system in house. outher blew up<br><br>  Borrower added on 06\/12\/13 > By getting this loan will help pay of funds quicker<br>",
    "purpose":"debt_consolidation",
    "title":"resolve loan",
    "addr_state":"IL",
    "nr_payment_remarks":0.0,
    "nr_loans":23.0
}