{
    "id":580721,
    "loan_amnt":16000.0,
    "term":" 60 months",
    "emp_title":"pnc investments",
    "emp_length":"9 years",
    "home_ownership":"MORTGAGE",
    "annual_inc":96000.0,
    "loan_status":"Fully Paid",
    "desc":"  Borrower added on 09\/15\/10 > I owe 218k on loan. Probably worth 200-220 range. First mortgage is 200k at 4.5%.2nd mortgage is 18k at 9%. Total payment is about $1530 per month. Also, have roommates that give me $800 per month total.<br\/>",
    "purpose":"credit_card",
    "title":"Credit Card Loan",
    "addr_state":"OH",
    "nr_payment_remarks":1.0,
    "nr_loans":20.0
}