{
    "id":5895406,
    "loan_amnt":12000.0,
    "term":" 36 months",
    "emp_title":null,
    "emp_length":null,
    "home_ownership":"OWN",
    "annual_inc":48000.0,
    "loan_status":"Fully Paid",
    "desc":"  Borrower added on 06\/20\/13 > This is a Debt Consolidation loan.<br><br> Borrower added on 06\/20\/13 > This is a Debt Consolidation loan. Credit card rates are too high.Your percentage rate is 1\/2 of what I am paying now. Seems like a good deal.<br>",
    "purpose":"debt_consolidation",
    "title":"PayoffCCDebt",
    "addr_state":"OH",
    "nr_payment_remarks":1.0,
    "nr_loans":18.0
}