{
    "id":604655,
    "loan_amnt":10000.0,
    "term":" 36 months",
    "emp_title":"L-3 Communications",
    "emp_length":"1 year",
    "home_ownership":"RENT",
    "annual_inc":126000.0,
    "loan_status":"Fully Paid",
    "desc":"  Borrower added on 11\/01\/10 > I am proud and extremely protective of my credit history.  This loan will allow me to eliminate a high-interest balance that I incurred while self-financing the loss on the sale of my principal residence.  I did this specifically to preserve my credit worthiness, avoiding the short-sale route many other sellers chose.  In addition I have a history (10+years) of stable employment in the Federal contracting IT industry.   I believe my proven track record makes me an excellent candidate for your investment.  Thank you for your consideration.<br\/>",
    "purpose":"credit_card",
    "title":"1 year down",
    "addr_state":"VA",
    "nr_payment_remarks":0.0,
    "nr_loans":27.0
}