{
    "id":6085319,
    "loan_amnt":5125.0,
    "term":" 36 months",
    "emp_title":"NYCDOE",
    "emp_length":"9 years",
    "home_ownership":"MORTGAGE",
    "annual_inc":68917.0,
    "loan_status":"Fully Paid",
    "desc":"  Borrower added on 06\/28\/13 > My loan is to landscape my back and front yard.  I will also buy a patio set to compliment my new landscape.  Our backyard needs work and our front needs new bricks and some paint on our porch.<br>",
    "purpose":"home_improvement",
    "title":"Beautiful home",
    "addr_state":"NY",
    "nr_payment_remarks":0.0,
    "nr_loans":55.0
}