{
    "id":6154904,
    "loan_amnt":20000.0,
    "term":" 36 months",
    "emp_title":"Milliman",
    "emp_length":"10+ years",
    "home_ownership":"RENT",
    "annual_inc":75000.0,
    "loan_status":"Fully Paid",
    "desc":"  Borrower added on 07\/01\/13 > Currently have another LendingClub loan at nearly 22% interest plus get rid of another high interest credit card,<br><br> Borrower added on 07\/01\/13 > Currently have another Lending Loan out at 22% APR and want to get rid of another credit card<br>",
    "purpose":"debt_consolidation",
    "title":"debt consolidation",
    "addr_state":"WI",
    "nr_payment_remarks":0.0,
    "nr_loans":22.0
}