{
    "id":617449,
    "loan_amnt":14000.0,
    "term":" 36 months",
    "emp_title":"TMP Worldwide",
    "emp_length":"2 years",
    "home_ownership":"MORTGAGE",
    "annual_inc":59000.0,
    "loan_status":"Fully Paid",
    "desc":"  Borrower added on 11\/23\/10 > This loan will help me pay off my high interest credit card balance. I work as a graphic designer at Advertising agency and it is a good stable job. I have been paying extra $400\/month on one of my credit card but it hasn't helped since interest rate is too high. This loan will help me tremendously to reach my goal of getting rid of debt in 3 years. Thank you!<br\/>",
    "purpose":"debt_consolidation",
    "title":"Pay off credit cards",
    "addr_state":"NJ",
    "nr_payment_remarks":0.0,
    "nr_loans":24.0
}