{
    "id":640914,
    "loan_amnt":8400.0,
    "term":" 60 months",
    "emp_title":"Bank of America",
    "emp_length":"1 year",
    "home_ownership":"RENT",
    "annual_inc":48000.0,
    "loan_status":"Fully Paid",
    "desc":"  Borrower added on 12\/28\/10 > I plan to use the funds from this personal loan to consolidate my 2 Bank of America credit cards and my loan from Metro 1 Credit Union, and to close all 3 of those accounts. If you check my credit history, as I just did, you will notice that I have not even 1 late payment on record. Also, I have not used credit recently for purchases. I borrowed a large amount of credit a few years ago, and am honestly tired of making multiple payments to multiple cards\/accounts\/lenders. I used a reputable credit simulation calculator, and the results showed that if I consolidated my accounts, my credit score would improve. You will also see that I am close to the max on most of my credit. That is because I have been paying down my cards, and every few months, the lender decreases my limit. I am fine with that, because I do not use credit anymore, but it makes my credit profile look bad. That is another reason why I am consolidating debt. If you look at my discover card, you will see that the original amount was 8,000 and is now paid down to 5,000. Over that time period, I have not charged anything to that card either. Discover is the only lender that has not gradually decreased my card limit. I have been at my current job for just 1 year, but have been in this line of work for almost 5 years. My job is extremely stable, as I am exceeding in every performance matrix we have, and am ranked in the top 5 out of almost 80 bankers in my region. The three accounts that I am consolidating with this loan have a minimum payment of about $300 a month combined, and I have never missed a payment. Subsequently, with this debt consolidation loan, I will have absolutely no trouble paying the minimum of about $200 a month. I actually plan on staying with the $300 a month I am used to, to pay the loan down faster. I feel that if you take into account all of this information, you will see that I am a qualified and responsible borrower. Thanks for your time.<br\/>",
    "purpose":"debt_consolidation",
    "title":"Debt",
    "addr_state":"CA",
    "nr_payment_remarks":0.0,
    "nr_loans":13.0
}