{
    "id":650721,
    "loan_amnt":14400.0,
    "term":" 36 months",
    "emp_title":"The Whitlock Group",
    "emp_length":"< 1 year",
    "home_ownership":"MORTGAGE",
    "annual_inc":82000.0,
    "loan_status":"Fully Paid",
    "desc":"  Borrower added on 01\/09\/11 > This loan is for several home improvement projects that will ultimately raise the resale value of our home. With this we will be adding crown molding, a storage closet, coat closet and french doors to close in our home office. We will also be updating the light and plumbing fixtures throughout the home. We decided not to wait and do these over time, but to get these done now so we can enjoy these enhancements and also continue with smaller projects that do not require financing. <br\/><br\/>I've worked in my industry greater than 20 years and with my background and certifications am highly sought after. I'm now the Systems Integration Manager of a local branch of a large technology company. The company is strong and my position is stable. <br\/><br\/>Although her income is not considered for the loan, my wife is a CSR and has about 14 years experience in her field. She is also employed by a stable and growing company. We watch our finances closely and often payback our obligations early with our above average income.<br\/>",
    "purpose":"home_improvement",
    "title":"Home Improvement",
    "addr_state":"FL",
    "nr_payment_remarks":0.0,
    "nr_loans":18.0
}