{
    "id":654586,
    "loan_amnt":15000.0,
    "term":" 60 months",
    "emp_title":"E.I. DuPont De Nemours Co., Inc.",
    "emp_length":"10+ years",
    "home_ownership":"RENT",
    "annual_inc":69000.0,
    "loan_status":"Fully Paid",
    "desc":"  Borrower added on 01\/19\/11 > this is the hardest thing to try to figure out what to do.  so many things and i don't know if i'm doing this right.<br\/> Borrower added on 01\/20\/11 > i plan to use the funds to consolidate nine credit card balances.  <br\/>I have been employed at my job for 32 years and have a steady income.  My job is pretty secure.<br\/>",
    "purpose":"debt_consolidation",
    "title":"debt consolidation",
    "addr_state":"VA",
    "nr_payment_remarks":0.0,
    "nr_loans":32.0
}