{
    "id":68163,
    "loan_amnt":3000.0,
    "term":" 36 months",
    "emp_title":"Matrix Resources",
    "emp_length":"9 years",
    "home_ownership":"MORTGAGE",
    "annual_inc":100000.0,
    "loan_status":"Fully Paid",
    "desc":"I'm seeking capital for my investment business. I make 3-4%\/month return on my assets (since July '08). I'm seeking more capital so that I may reach my goals sooner. This loan will be paid back as soon as possible, probably within one year.  I am a good candidate for this loan because I'm wise with money. I know how to use money to build money. I have a day job as a computer programmer as backup to pay back the debt should something happen with my investments. I have borrowed from p2p sites before and paid back the loans. I believe in this way of helping people out. On top of that I have excellent credit.  Thank you very much for your support.",
    "purpose":"small_business",
    "title":"Raising Capital",
    "addr_state":"GA",
    "nr_payment_remarks":0.0,
    "nr_loans":25.0
}