{
    "id":6816385,
    "loan_amnt":12000.0,
    "term":" 36 months",
    "emp_title":"Capital One Financial",
    "emp_length":"8 years",
    "home_ownership":"MORTGAGE",
    "annual_inc":95000.0,
    "loan_status":"Fully Paid",
    "desc":"  Borrower added on 08\/16\/13 > I have been working hard over the last few years to clean up my debts and lower my monthly payments.  My mortgage payment will increase next year and I am worried that I won't be able to afford it.  I am hoping this loan will help remove some of my other debts so that I can focus on my mortgage.<br>",
    "purpose":"debt_consolidation",
    "title":"Debt Reduction",
    "addr_state":"VA",
    "nr_payment_remarks":0.0,
    "nr_loans":21.0
}