{
    "id":687805,
    "loan_amnt":10000.0,
    "term":" 60 months",
    "emp_title":"CSC",
    "emp_length":"9 years",
    "home_ownership":"RENT",
    "annual_inc":110000.0,
    "loan_status":"Fully Paid",
    "desc":"  Borrower added on 02\/28\/11 > I am using this loan to consolidate my credit card debt. This debt was accumulated because of relocation expenses for my employment. I have been with the same company for over nine years and I my current contract ia a new 10 year contract so I have job security.<br\/>",
    "purpose":"debt_consolidation",
    "title":"Consolidation Laon",
    "addr_state":"VA",
    "nr_payment_remarks":0.0,
    "nr_loans":21.0
}