{
    "id":692093,
    "loan_amnt":12000.0,
    "term":" 36 months",
    "emp_title":"ARINC Managed Services",
    "emp_length":"5 years",
    "home_ownership":"MORTGAGE",
    "annual_inc":48000.0,
    "loan_status":"Fully Paid",
    "desc":"  Borrower added on 03\/04\/11 > I am looking to consolidate debt and have this paid off within 3 years. I have stable employment which I have been with for over 5 years.<br\/>",
    "purpose":"debt_consolidation",
    "title":"Debt Consolidation Loan",
    "addr_state":"MD",
    "nr_payment_remarks":0.0,
    "nr_loans":15.0
}