{
    "id":7083067,
    "loan_amnt":3000.0,
    "term":" 36 months",
    "emp_title":"Koly International, Inc.",
    "emp_length":"9 years",
    "home_ownership":"OWN",
    "annual_inc":63000.0,
    "loan_status":"Fully Paid",
    "desc":"  Borrower added on 09\/09\/13 > I am opening a new yoga studio in downtown St. Petersburg and need a little extra money for marketing and advertising<br>",
    "purpose":"small_business",
    "title":"Business Startup",
    "addr_state":"FL",
    "nr_payment_remarks":0.0,
    "nr_loans":16.0
}