{
    "id":708374,
    "loan_amnt":8000.0,
    "term":" 36 months",
    "emp_title":"jbhunt",
    "emp_length":"5 years",
    "home_ownership":"MORTGAGE",
    "annual_inc":92000.0,
    "loan_status":"Fully Paid",
    "desc":"  Borrower added on 03\/21\/11 > debt<br\/> Borrower added on 03\/23\/11 > debt that is a high interest rate.<br\/> Borrower added on 03\/23\/11 > debt that is a higher interest rate.<br\/>",
    "purpose":"debt_consolidation",
    "title":"debt",
    "addr_state":"CA",
    "nr_payment_remarks":0.0,
    "nr_loans":21.0
}