{
    "id":7387034,
    "loan_amnt":18000.0,
    "term":" 36 months",
    "emp_title":"Massachusetts State Police",
    "emp_length":"2 years",
    "home_ownership":"MORTGAGE",
    "annual_inc":88000.0,
    "loan_status":"Fully Paid",
    "desc":"  Borrower added on 09\/17\/13 > I will be paying off a CitiBank credit card, Home Depot credit card, and Lowes credit card. I will also be purchasing a new home heating furnace before the winter comes to New England. This will complete my home renovations and consolidate the costs in the renovations into a single monthly payment.<br>",
    "purpose":"debt_consolidation",
    "title":"Debt Consolidation",
    "addr_state":"MA",
    "nr_payment_remarks":0.0,
    "nr_loans":23.0
}