{
    "id":764754,
    "loan_amnt":22000.0,
    "term":" 60 months",
    "emp_title":"NCR Corporation",
    "emp_length":"2 years",
    "home_ownership":"RENT",
    "annual_inc":66650.0,
    "loan_status":"Fully Paid",
    "desc":"  Borrower added on 05\/22\/11 > Consolidating Credit Card debt.<br\/> Borrower added on 05\/25\/11 > Payoff Credit Cards<br\/>",
    "purpose":"debt_consolidation",
    "title":"Debt Consolidation Loan",
    "addr_state":"GA",
    "nr_payment_remarks":0.0,
    "nr_loans":20.0
}