{
    "id":770738,
    "loan_amnt":17000.0,
    "term":" 36 months",
    "emp_title":"Texas Security Bank",
    "emp_length":"3 years",
    "home_ownership":"RENT",
    "annual_inc":62000.0,
    "loan_status":"Fully Paid",
    "desc":"  Borrower added on 06\/20\/11 > We are using funds to pay off our credit cards and closing the accounts. I have been at my job for 3 years. My credit scores have been excellent.<br\/>",
    "purpose":"debt_consolidation",
    "title":"Debt Consolidation Loan",
    "addr_state":"TX",
    "nr_payment_remarks":0.0,
    "nr_loans":48.0
}