{
    "id":7718294,
    "loan_amnt":5500.0,
    "term":" 36 months",
    "emp_title":"customer service associate",
    "emp_length":"3 years",
    "home_ownership":"RENT",
    "annual_inc":30200.0,
    "loan_status":"Fully Paid",
    "desc":"  Borrower added on 10\/07\/13 > i had surgery and made a several new bills but i would prefer to have 1 payment rather than 8 so this loan would be very helpful.<br>",
    "purpose":"debt_consolidation",
    "title":"debt consolidation",
    "addr_state":"FL",
    "nr_payment_remarks":2.0,
    "nr_loans":16.0
}