{
    "id":819520,
    "loan_amnt":12000.0,
    "term":" 36 months",
    "emp_title":"J.P. Morgan Chase",
    "emp_length":"10+ years",
    "home_ownership":"MORTGAGE",
    "annual_inc":92000.0,
    "loan_status":"Fully Paid",
    "desc":"This loan will be used to repair a leak in the master bathroom and the associated damage caused by the leak.  Since repairs will require ripping out the entire shower, I want to update the bathroom as well. My budget for repair\/renovation is less than the loan amount, but I've included a bit extra to cover for any overages  I don't carry much debt, aside from my mortgage, so repaying this loan will be my primary goal and I plan to repay in less than 3 years.  I've been with the same company for more than 10 years and am a good investment risk..   Borrower added on 08\/04\/11 > This loan will be used to repair a shower pan leak in the master bath and associated damage.  Since repairs require ripping out the shower, I want to update the bathroom.  Insurance provided only $1500, so I have to pay for everything else. Aside from the mortgage, I carry very little debt, so repaying this loan will be my primary goal and I hope to payoff in 2 years. I've been in my job for more than 10 years.<br\/>",
    "purpose":"home_improvement",
    "title":"Home Repair & Improvement",
    "addr_state":"TX",
    "nr_payment_remarks":0.0,
    "nr_loans":21.0
}