{
    "id":822258,
    "loan_amnt":30000.0,
    "term":" 60 months",
    "emp_title":"Farm Credit of NM",
    "emp_length":"10+ years",
    "home_ownership":"MORTGAGE",
    "annual_inc":70000.0,
    "loan_status":"Fully Paid",
    "desc":"  Borrower added on 07\/19\/11 > Have been at current employement for 15 years.<br\/>Will use funds to replace roof on house, trim, etc.<br\/>Very responsible and repay timely.<br\/>",
    "purpose":"home_improvement",
    "title":"Home",
    "addr_state":"NM",
    "nr_payment_remarks":0.0,
    "nr_loans":20.0
}