{
    "id":822881,
    "loan_amnt":5550.0,
    "term":" 36 months",
    "emp_title":"CenturyLink",
    "emp_length":"10+ years",
    "home_ownership":"MORTGAGE",
    "annual_inc":80000.0,
    "loan_status":"Fully Paid",
    "desc":"  Borrower added on 07\/29\/11 > Adding 5.24 KW PV Solar System to home.<br\/> Borrower added on 08\/06\/11 > 108 investors!  Wow... it is humbling to know that there are 108 people willing to finance me.  Many thanks.<br\/>",
    "purpose":"renewable_energy",
    "title":"Adobe Solar Loan",
    "addr_state":"CO",
    "nr_payment_remarks":0.0,
    "nr_loans":59.0
}