{
    "id":843757,
    "loan_amnt":11000.0,
    "term":" 36 months",
    "emp_title":"D & L Parts Company Inc.",
    "emp_length":"6 years",
    "home_ownership":"RENT",
    "annual_inc":29000.0,
    "loan_status":"Fully Paid",
    "desc":"  Borrower added on 08\/08\/11 > I need this loan to pay off my credit cards more efficiently, I would like to have one payment for all of them, instead of four payments all through out the month.<br\/><br\/>My job is safe our company is one of the fortunate companys' that actually had our best year EVER this past year which in this economy is a miracle.<br\/><br\/>As soon as I'm done paying off these credit cards I want to buy a house, which I plan to do much faster that three years from now.<br\/>Which means I'm plan on paying back this loan a lot faster than three <br\/>years, please approve me for the loan you not regret it!<br\/><br\/>Thank you for considering me<br\/>null",
    "purpose":"debt_consolidation",
    "title":"Credit Cards",
    "addr_state":"NC",
    "nr_payment_remarks":0.0,
    "nr_loans":16.0
}