{
    "id":8606919,
    "loan_amnt":12000.0,
    "term":" 60 months",
    "emp_title":"Investigator",
    "emp_length":"8 years",
    "home_ownership":"MORTGAGE",
    "annual_inc":110000.0,
    "loan_status":"Fully Paid",
    "desc":"  Borrower added on 11\/04\/13 > Pay off last credit card and I will be debt free. This loan reduces the interest rate and guarantees an end date for my debt elimination<br>",
    "purpose":"credit_card",
    "title":"Getting Out of Debt",
    "addr_state":"UT",
    "nr_payment_remarks":0.0,
    "nr_loans":39.0
}