{
    "id":867821,
    "loan_amnt":28000.0,
    "term":" 60 months",
    "emp_title":"DACM Project Management",
    "emp_length":"1 year",
    "home_ownership":"MORTGAGE",
    "annual_inc":128000.0,
    "loan_status":"Fully Paid",
    "desc":"  Borrower added on 08\/22\/11 > I have been paying down credit cards with rates from 14.99-18.99%. The purpose of this loan is to condsolidate approximate $1,000 minimum monthly payments (that I have never been late on) into a single payment of less $700. I am also concerned that rates will increase before I have the debt paid off and am looking to lock in a rate and therefore the payment.<br\/> Borrower added on 08\/22\/11 > I am looking to replace credit cards with rates from 14.99%-18.99% and total minimum payments of over $1,000 (that I have never been late on) for a fixed rate and monthly payment of less than $700.<br\/>",
    "purpose":"credit_card",
    "title":"Credit Card Consolidation",
    "addr_state":"CA",
    "nr_payment_remarks":0.0,
    "nr_loans":37.0
}