{
    "id":9235593,
    "loan_amnt":35000.0,
    "term":" 60 months",
    "emp_title":"AVP\/Br Mgr.\/Escrow Officer",
    "emp_length":"5 years",
    "home_ownership":"MORTGAGE",
    "annual_inc":130000.0,
    "loan_status":"Fully Paid",
    "desc":"  Borrower added on 12\/09\/13 > I have a few high interest rate credit cards with high balances I would like to consolidate, and remodel my closet in our master bedroom.<br>",
    "purpose":"debt_consolidation",
    "title":"Debt Consolidation ",
    "addr_state":"NV",
    "nr_payment_remarks":1.0,
    "nr_loans":39.0
}