{
    "id":9767617,
    "loan_amnt":6250.0,
    "term":" 36 months",
    "emp_title":"Customer Service Rep",
    "emp_length":"7 years",
    "home_ownership":"RENT",
    "annual_inc":30000.0,
    "loan_status":"Fully Paid",
    "desc":"  Borrower added on 12\/16\/13 > Recently, I fell on hard times due helping out a family member.  Right now, I am trying to regroup and pull things together and get my finances back on track.<br>",
    "purpose":"debt_consolidation",
    "title":"good night Sleep",
    "addr_state":"AZ",
    "nr_payment_remarks":0.0,
    "nr_loans":54.0
}