{
    "id":977612,
    "loan_amnt":12650.0,
    "term":" 36 months",
    "emp_title":"First California Mortgage",
    "emp_length":"6 years",
    "home_ownership":"RENT",
    "annual_inc":60000.0,
    "loan_status":"Fully Paid",
    "desc":"  Borrower added on 10\/04\/11 > Hello!  I currently have a loan that I funded with Lending Club back in March with a 14.54% interest rate.  I want to get this new loan to lower my rate to 6.625 and payoff my current loan.  I would be saving $110.59 per month from my current loan.<br\/>",
    "purpose":"debt_consolidation",
    "title":"Debt Consolidation",
    "addr_state":"CA",
    "nr_payment_remarks":0.0,
    "nr_loans":16.0
}